rent,walk,size,ages,location_floor,new_or_not,higher_than_2,southdirection,auto,AC,bath_toilet,style_bath,flooring,pet
88500,10,20.7,3,8,No,Yes,No,Yes,Yes,Yes,No,Yes,Yes
86700,10,20.7,3,7,No,Yes,Yes,Yes,Yes,Yes,No,Yes,Yes
87300,10,20.7,3,2,No,Yes,Yes,Yes,Yes,Yes,No,Yes,Yes
88200,10,20.7,3,9,No,Yes,Yes,Yes,Yes,Yes,No,Yes,Yes
170000,10,41.4,3,11,No,Yes,Yes,Yes,Yes,Yes,Yes,Yes,Yes
83000,10,20.7,3,2,No,Yes,Yes,Yes,Yes,Yes,No,Yes,Yes
100000,13,25.21,2,3,No,Yes,Yes,Yes,Yes,Yes,Yes,Yes,No
170000,13,52.36,2,11,No,Yes,Yes,Yes,Yes,Yes,Yes,Yes,No
105000,13,25.63,2,11,No,Yes,Yes,Yes,Yes,Yes,Yes,Yes,No
83000,5,22.85,1,2,No,Yes,No,Yes,Yes,Yes,Yes,Yes,No
56000,10,12.5,0,1,Yes,No,No,Yes,Yes,No,No,Yes,No
65000,10,12.5,0,2,Yes,Yes,No,Yes,Yes,No,No,Yes,No
56000,10,12,0,1,Yes,No,No,Yes,Yes,No,No,Yes,No
63000,10,12,0,2,Yes,Yes,No,Yes,Yes,Yes,No,Yes,No
67000,10,12,0,2,Yes,Yes,No,Yes,Yes,No,No,Yes,No
87000,9,20.79,4,5,No,Yes,Yes,Yes,Yes,Yes,No,Yes,No
85000,9,21.88,4,3,No,Yes,Yes,Yes,Yes,Yes,No,Yes,No
64000,4,11.28,2,1,No,No,No,Yes,Yes,Yes,No,Yes,No
67000,4,12.73,2,2,No,Yes,No,Yes,Yes,Yes,No,Yes,No
140000,7,31.7,1,4,No,Yes,No,Yes,Yes,Yes,Yes,Yes,Yes
113000,7,25.1,0,2,Yes,Yes,No,Yes,Yes,Yes,No,Yes,Yes
117000,7,25.06,0,5,Yes,Yes,No,Yes,Yes,Yes,No,Yes,Yes
113000,7,25.1,0,2,Yes,Yes,No,Yes,Yes,Yes,No,Yes,Yes
110000,7,25.06,0,1,Yes,No,No,Yes,Yes,Yes,No,Yes,Yes
114000,7,25.1,0,3,Yes,Yes,No,Yes,Yes,Yes,No,Yes,Yes
87000,12,23,1,1,No,No,No,No,Yes,Yes,No,Yes,No
170000,13,52.36,2,11,No,Yes,Yes,Yes,Yes,Yes,Yes,Yes,No
105000,13,25.63,2,11,No,Yes,Yes,Yes,Yes,Yes,Yes,Yes,No
78000,15,21.18,6,4,No,Yes,No,No,Yes,Yes,No,Yes,No
85000,15,22.41,6,3,No,Yes,No,Yes,Yes,Yes,No,Yes,Yes
179000,17,58.17,6,5,No,Yes,No,Yes,Yes,Yes,Yes,Yes,Yes
78000,17,21.18,6,5,No,Yes,No,Yes,Yes,Yes,No,Yes,Yes
179000,17,58.17,6,5,No,Yes,No,Yes,Yes,Yes,No,Yes,Yes
78000,15,21.18,6,1,No,No,No,Yes,No,Yes,No,Yes,No
78000,14,21.18,6,4,No,Yes,No,Yes,Yes,Yes,No,Yes,No
103000,5,26.48,4,2,No,Yes,No,Yes,Yes,Yes,Yes,Yes,No
105000,5,27.15,4,2,No,Yes,Yes,Yes,No,Yes,Yes,Yes,No
98000,5,26.48,4,3,No,Yes,Yes,Yes,Yes,No,No,Yes,No
86000,7,25.4,6,3,No,Yes,Yes,Yes,No,Yes,Yes,Yes,No
76000,6,23.6,7,2,No,Yes,No,No,Yes,Yes,No,Yes,No
83000,17,21.25,5,4,No,Yes,Yes,Yes,Yes,Yes,No,Yes,No
76000,6,23.6,7,2,No,Yes,No,No,Yes,Yes,No,Yes,No
76000,6,23.6,8,2,No,Yes,No,No,Yes,Yes,No,Yes,No
63000,7,11,4,1,No,No,No,Yes,Yes,No,No,Yes,No
63000,7,11,4,1,No,No,No,No,No,No,No,Yes,No
63000,7,11,4,1,No,No,No,Yes,Yes,No,No,Yes,No
76000,6,23.6,8,2,No,Yes,No,No,Yes,Yes,Yes,Yes,No
90000,7,20.06,7,6,No,Yes,Yes,Yes,Yes,Yes,Yes,Yes,No
91000,9,20.06,7,6,No,Yes,Yes,Yes,Yes,Yes,No,Yes,No
92000,7,20.06,7,7,No,Yes,Yes,No,No,No,No,No,No
86000,7,20.06,7,2,No,Yes,Yes,Yes,Yes,Yes,No,Yes,No
87000,7,20.06,7,2,No,Yes,Yes,Yes,Yes,Yes,No,Yes,No
90000,7,20.06,7,6,No,Yes,Yes,Yes,Yes,Yes,No,Yes,No
92000,7,20.06,7,7,No,Yes,Yes,Yes,Yes,Yes,No,Yes,No
93000,19,25.03,9,6,No,Yes,Yes,Yes,Yes,Yes,No,Yes,No
94000,5,18.61,7,2,No,Yes,No,Yes,Yes,No,No,Yes,Yes
97000,5,23.78,7,3,No,Yes,No,Yes,Yes,No,No,Yes,Yes
94000,5,18.61,7,3,No,Yes,No,Yes,Yes,No,No,Yes,Yes
97000,5,23.78,7,3,No,Yes,No,Yes,Yes,No,No,Yes,Yes
95000,10,20.75,0,7,Yes,Yes,Yes,Yes,Yes,Yes,No,Yes,No
130000,10,30.84,0,2,Yes,Yes,Yes,Yes,Yes,Yes,Yes,Yes,No
94000,5,18.71,7,2,No,Yes,No,Yes,Yes,No,No,Yes,Yes
97000,5,23.78,7,3,No,Yes,No,Yes,Yes,No,No,Yes,Yes
95000,9,21.36,7,4,No,Yes,No,Yes,Yes,Yes,No,Yes,No
97000,9,24.17,7,5,No,Yes,No,Yes,Yes,Yes,No,Yes,No
99000,9,21.94,7,11,No,Yes,No,Yes,Yes,Yes,No,Yes,No
100000,9,21.94,7,13,No,Yes,No,Yes,Yes,Yes,No,Yes,No
103000,9,21.94,7,13,No,Yes,No,Yes,Yes,Yes,No,Yes,No
99000,8,22.17,7,2,No,Yes,No,Yes,Yes,Yes,No,Yes,No
101000,8,21.94,7,8,No,Yes,No,Yes,Yes,Yes,No,Yes,No
101000,8,21.94,7,6,No,Yes,No,Yes,Yes,Yes,No,Yes,No
103000,9,21.94,7,8,No,Yes,No,Yes,Yes,Yes,No,Yes,No
102000,8,22.17,7,10,No,Yes,No,Yes,Yes,Yes,No,Yes,No
105000,9,21.94,7,13,No,Yes,No,Yes,Yes,Yes,No,Yes,No
137000,6,32.95,7,13,No,Yes,Yes,Yes,Yes,Yes,No,Yes,No
100000,8,21.94,7,6,No,Yes,No,Yes,Yes,Yes,No,Yes,No
79000,7,18.04,12,11,No,Yes,Yes,Yes,Yes,Yes,No,Yes,No
75000,7,18.14,12,1,No,No,Yes,Yes,Yes,Yes,No,Yes,No
81000,7,18.14,12,9,No,Yes,Yes,Yes,Yes,Yes,No,Yes,No
85000,15,25.13,12,2,No,Yes,No,Yes,Yes,Yes,No,Yes,No
80000,15,25.13,12,2,No,Yes,No,Yes,Yes,Yes,No,Yes,No
83000,15,20.45,12,4,No,Yes,No,Yes,Yes,Yes,No,Yes,No
93000,7,22.5,7,2,No,Yes,No,Yes,Yes,Yes,No,Yes,Yes
104000,8,24.87,7,4,No,Yes,No,Yes,Yes,Yes,Yes,No,No
183000,8,47.17,7,12,No,Yes,Yes,Yes,Yes,Yes,Yes,No,No
183000,8,47.17,7,13,No,Yes,Yes,Yes,Yes,Yes,Yes,No,No
110000,8,27.6,7,3,No,Yes,No,Yes,Yes,Yes,Yes,No,No
117000,8,34.12,7,3,No,Yes,Yes,Yes,Yes,Yes,Yes,No,No
99000,8,24.27,7,2,No,Yes,No,Yes,No,Yes,No,Yes,No
159000,8,42.72,7,6,No,Yes,No,Yes,Yes,Yes,Yes,Yes,No
180000,8,48.24,7,7,No,Yes,Yes,Yes,Yes,Yes,Yes,Yes,No
114000,8,27.6,7,5,No,Yes,No,Yes,Yes,No,Yes,Yes,No
74000,2,20.43,12,4,No,Yes,No,Yes,Yes,Yes,No,Yes,No
91000,8,21.34,10,6,No,Yes,No,Yes,Yes,Yes,No,Yes,No
92500,8,20.58,10,11,No,Yes,No,Yes,Yes,Yes,No,Yes,No
88000,8,21.29,10,4,No,Yes,No,Yes,Yes,Yes,No,Yes,Yes
88000,8,20.58,10,5,No,Yes,No,Yes,Yes,Yes,No,Yes,Yes
88000,8,22.04,10,9,No,Yes,No,Yes,Yes,Yes,No,Yes,No
88000,8,20.58,10,8,No,Yes,No,Yes,Yes,Yes,No,No,No
93000,7,22.5,7,2,No,Yes,No,Yes,Yes,Yes,No,Yes,No